BusinessEntityID;PersonType;NameStyle;Title;FirstName;MiddleName;LastName;Suffix;EmailPromotion
1;EM;0;NULL;Ken;J;Sánchez;NULL;0
2;EM;0;NULL;Terri;Lee;Duffy;NULL;1
3;EM;0;NULL;Roberto;NULL;Tamburello;NULL;0
4;EM;0;NULL;Rob;NULL;Walters;NULL;0
5;EM;0;Ms.;Gail;A;Erickson;NULL;0
6;EM;0;Mr.;Jossef;H;Goldberg;NULL;0
7;EM;0;NULL;Dylan;A;Miller;NULL;2
8;EM;0;NULL;Diane;L;Margheim;NULL;0
9;EM;0;NULL;Gigi;N;Matthew;NULL;0
10;EM;0;NULL;Michael;NULL;Raheem;NULL;2
11;EM;0;NULL;Ovidiu;V;Cracium;NULL;0
12;EM;0;NULL;Thierry;B;D'Hers;NULL;2
13;EM;0;Ms.;Janice;M;Galvin;NULL;2
14;EM;0;NULL;Michael;I;Sullivan;NULL;2
15;EM;0;NULL;Sharon;B;Salavaria;NULL;2
16;EM;0;NULL;David;M;Bradley;NULL;1
17;EM;0;NULL;Kevin;F;Brown;NULL;2
18;EM;0;NULL;John;L;Wood;NULL;2
19;EM;0;NULL;Mary;A;Dempsey;NULL;1
20;EM;0;NULL;Wanida;M;Benshoof;NULL;2
21;EM;0;NULL;Terry;J;Eminhizer;NULL;2
22;EM;0;NULL;Sariya;E;Harnpadoungsataya;NULL;0
23;EM;0;NULL;Mary;E;Gibson;NULL;0
24;EM;0;Ms.;Jill;A;Williams;NULL;0
25;EM;0;NULL;James;R;Hamilton;NULL;0
26;EM;0;NULL;Peter;J;Krebs;NULL;0
27;EM;0;NULL;Jo;A;Brown;NULL;0
28;EM;0;NULL;Guy;R;Gilbert;NULL;0
29;EM;0;NULL;Mark;K;McArthur;NULL;1
30;EM;0;NULL;Britta;L;Simon;NULL;0
31;EM;0;NULL;Margie;W;Shoop;NULL;2
32;EM;0;NULL;Rebecca;A;Laszlo;NULL;1
33;EM;0;NULL;Annik;O;Stahl;NULL;0
34;EM;0;NULL;Suchitra;O;Mohan;NULL;2
35;EM;0;NULL;Brandon;G;Heidepriem;NULL;1
36;EM;0;NULL;Jose;R;Lugo;NULL;2
37;EM;0;NULL;Chris;O;Okelberry;NULL;0
38;EM;0;NULL;Kim;B;Abercrombie;NULL;2
39;EM;0;NULL;Ed;R;Dudenhoefer;NULL;0
40;EM;0;NULL;JoLynn;M;Dobney;NULL;1
41;EM;0;NULL;Bryan;NULL;Baker;NULL;0
42;EM;0;NULL;James;D;Kramer;NULL;2
43;EM;0;NULL;Nancy;A;Anderson;NULL;1
44;EM;0;NULL;Simon;D;Rapier;NULL;0
45;EM;0;NULL;Thomas;R;Michaels;NULL;1
46;EM;0;NULL;Eugene;O;Kogan;NULL;0
47;EM;0;NULL;Andrew;R;Hill;NULL;1
48;EM;0;NULL;Ruth;Ann;Ellerbrock;NULL;0
49;EM;0;NULL;Barry;K;Johnson;NULL;0
50;EM;0;NULL;Sidney;M;Higa;NULL;0
51;EM;0;NULL;Jeffrey;L;Ford;NULL;0
52;EM;0;NULL;Doris;M;Hartwig;NULL;0
53;EM;0;NULL;Diane;R;Glimp;NULL;2
54;EM;0;NULL;Bonnie;N;Kearney;NULL;0
55;EM;0;NULL;Taylor;R;Maxwell;NULL;0
56;EM;0;NULL;Denise;H;Smith;NULL;0
57;EM;0;NULL;Frank;T;Miller;NULL;1
58;EM;0;NULL;Kendall;C;Keil;NULL;2
59;EM;0;NULL;Bob;N;Hohman;NULL;0
60;EM;0;NULL;Pete;C;Male;NULL;2
61;EM;0;NULL;Diane;H;Tibbott;NULL;0
62;EM;0;NULL;John;T;Campbell;NULL;1
63;EM;0;NULL;Maciej;W;Dusza;NULL;0
64;EM;0;NULL;Michael;J;Zwilling;NULL;1
65;EM;0;NULL;Randy;T;Reeves;NULL;0
66;EM;0;NULL;Karan;R;Khanna;NULL;1
67;EM;0;NULL;Jay;G;Adams;NULL;0
68;EM;0;NULL;Charles;B;Fitzgerald;NULL;2
69;EM;0;NULL;Steve;F;Masters;NULL;1
70;EM;0;NULL;David;J;Ortiz;NULL;0
71;EM;0;NULL;Michael;Sean;Ray;NULL;2
72;EM;0;NULL;Steven;T;Selikoff;NULL;2
73;EM;0;NULL;Carole;M;Poland;NULL;2
74;EM;0;NULL;Bjorn;M;Rettig;NULL;1
75;EM;0;NULL;Michiko;F;Osada;NULL;0
76;EM;0;NULL;Carol;M;Philips;NULL;2
77;EM;0;NULL;Merav;A;Netz;NULL;0
78;EM;0;NULL;Reuben;H;D'sa;NULL;2
79;EM;0;NULL;Eric;L;Brown;NULL;0
80;EM;0;NULL;Sandeep;P;Kaliyath;NULL;2
81;EM;0;NULL;Mihail;U;Frintu;NULL;0
82;EM;0;NULL;Jack;T;Creasey;NULL;0
83;EM;0;NULL;Patrick;M;Cook;NULL;0
84;EM;0;NULL;Frank;R;Martinez;NULL;1
85;EM;0;NULL;Brian;Richard;Goldstein;NULL;0
86;EM;0;NULL;Ryan;L;Cornelsen;NULL;2
87;EM;0;NULL;Cristian;K;Petculescu;NULL;1
88;EM;0;NULL;Betsy;A;Stadick;NULL;0
89;EM;0;NULL;Patrick;C;Wedge;NULL;0
90;EM;0;NULL;Danielle;C;Tiedt;NULL;1
91;EM;0;NULL;Kimberly;B;Zimmerman;NULL;0
92;EM;0;NULL;Tom;M;Vande Velde;NULL;0
93;EM;0;NULL;Kok-Ho;T;Loh;NULL;2
94;EM;0;NULL;Russell;NULL;Hunter;NULL;1
95;EM;0;NULL;Jim;H;Scardelis;NULL;2
96;EM;0;NULL;Elizabeth;I;Keyser;NULL;0
97;EM;0;NULL;Mandar;H;Samant;NULL;0
98;EM;0;NULL;Sameer;A;Tejani;NULL;0
99;EM;0;NULL;Nuan;NULL;Yu;NULL;0
100;EM;0;NULL;Lolan;B;Song;NULL;1
101;EM;0;NULL;Houman;N;Pournasseh;NULL;2
102;EM;0;NULL;Zheng;W;Mu;NULL;0
103;EM;0;NULL;Ebru;N;Ersan;NULL;2
104;EM;0;NULL;Mary;R;Baker;NULL;2
105;EM;0;NULL;Kevin;M;Homer;NULL;0
106;EM;0;NULL;John;T;Kane;NULL;1
107;EM;0;NULL;Christopher;E;Hill;NULL;0
108;EM;0;NULL;Jinghao;K;Liu;NULL;0
109;EM;0;NULL;Alice;O;Ciccu;NULL;1
110;EM;0;NULL;Jun;T;Cao;NULL;0
111;EM;0;NULL;Suroor;R;Fatima;NULL;0
112;EM;0;NULL;John;P;Evans;NULL;1
113;EM;0;NULL;Linda;K;Moschell;NULL;1
114;EM;0;NULL;Mindaugas;J;Krapauskas;NULL;1
115;EM;0;NULL;Angela;W;Barbariol;NULL;2
116;EM;0;NULL;Michael;W;Patten;NULL;0
117;EM;0;NULL;Chad;W;Niswonger;NULL;1
118;EM;0;NULL;Don;L;Hall;NULL;0
119;EM;0;NULL;Michael;T;Entin;NULL;1
120;EM;0;NULL;Kitti;H;Lertpiriyasuwat;NULL;0
121;EM;0;NULL;Pilar;G;Ackerman;NULL;0
122;EM;0;NULL;Susan;W;Eaton;NULL;2
123;EM;0;NULL;Vamsi;N;Kuppa;NULL;0
124;EM;0;NULL;Kim;T;Ralls;NULL;2
125;EM;0;NULL;Matthias;T;Berndt;NULL;0
126;EM;0;NULL;Jimmy;T;Bischoff;NULL;0
127;EM;0;NULL;David;P;Hamilton;NULL;1
128;EM;0;NULL;Paul;B;Komosinski;NULL;2
129;EM;0;NULL;Gary;W;Yukish;NULL;0
130;EM;0;NULL;Rob;T;Caron;NULL;0
131;EM;0;NULL;Baris;F;Cetinok;NULL;2
132;EM;0;NULL;Nicole;B;Holliday;NULL;0
133;EM;0;NULL;Michael;L;Rothkugel;NULL;2
134;EM;0;NULL;Eric;NULL;Gubbels;NULL;2
135;EM;0;NULL;Ivo;William;Salmre;NULL;0
136;EM;0;NULL;Sylvester;A;Valdez;NULL;0
137;EM;0;NULL;Anibal;T;Sousa;NULL;0
138;EM;0;NULL;Samantha;H;Smith;NULL;0
139;EM;0;Mr.;Hung-Fu;T;Ting;NULL;0
140;EM;0;NULL;Prasanna;E;Samarawickrama;NULL;1
141;EM;0;NULL;Min;G;Su;NULL;0
142;EM;0;NULL;Olinda;C;Turner;NULL;0
143;EM;0;NULL;Krishna;NULL;Sunkammurali;NULL;2
144;EM;0;NULL;Paul;R;Singh;NULL;2
145;EM;0;NULL;Cynthia;S;Randall;NULL;0
146;EM;0;NULL;Jian Shuo;NULL;Wang;NULL;0
147;EM;0;NULL;Sandra;NULL;Reátegui Alayo;NULL;0
148;EM;0;NULL;Jason;M;Watters;NULL;0
149;EM;0;NULL;Andy;M;Ruth;NULL;1
150;EM;0;NULL;Michael;T;Vanderhyde;NULL;2
151;EM;0;NULL;Rostislav;E;Shabalin;NULL;2
152;EM;0;NULL;Yuhong;L;Li;NULL;1
153;EM;0;NULL;Hanying;P;Feng;NULL;0
154;EM;0;NULL;Raymond;K;Sam;NULL;0
155;EM;0;NULL;Fadi;K;Fakhouri;NULL;2
156;EM;0;NULL;Lane;M;Sacksteder;NULL;1
157;EM;0;NULL;Linda;A;Randall;NULL;0
158;EM;0;NULL;Shelley;N;Dyck;NULL;0
159;EM;0;NULL;Terrence;W;Earls;NULL;1
160;EM;0;NULL;Jeff;V;Hay;NULL;1
161;EM;0;NULL;Kirk;J;Koenigsbauer;NULL;1
162;EM;0;NULL;Laura;C;Steele;NULL;0
163;EM;0;NULL;Alex;M;Nayberg;NULL;1
164;EM;0;NULL;Andrew;M;Cencini;NULL;0
165;EM;0;NULL;Chris;T;Preston;NULL;0
166;EM;0;NULL;Jack;S;Richins;NULL;0
167;EM;0;NULL;David;N;Johnson;NULL;0
168;EM;0;NULL;Garrett;R;Young;NULL;2
169;EM;0;NULL;Susan;A;Metters;NULL;1
170;EM;0;NULL;George;Z;Li;NULL;0
171;EM;0;NULL;David;A;Yalovsky;NULL;1
172;EM;0;NULL;Marc;J;Ingle;NULL;2
173;EM;0;NULL;Eugene;R;Zabokritski;NULL;0
174;EM;0;NULL;Benjamin;R;Martin;NULL;2
175;EM;0;NULL;Reed;T;Koch;NULL;0
176;EM;0;NULL;David;Oliver;Lawrence;NULL;0
177;EM;0;NULL;Russell;M;King;NULL;0
178;EM;0;NULL;John;N;Frum;NULL;2
179;EM;0;NULL;Jan;S;Miksovsky;NULL;0
180;EM;0;NULL;Katie;L;McAskill-White;NULL;2
181;EM;0;NULL;Michael;T;Hines;NULL;0
182;EM;0;NULL;Nitin;S;Mirchandani;NULL;0
183;EM;0;NULL;Barbara;S;Decker;NULL;0
184;EM;0;NULL;John;Y;Chen;NULL;2
185;EM;0;NULL;Stefen;A;Hesse;NULL;1
186;EM;0;NULL;Shane;S;Kim;NULL;2
187;EM;0;NULL;Yvonne;S;McKay;NULL;0
188;EM;0;NULL;Douglas;B;Hite;NULL;1
189;EM;0;NULL;Janeth;M;Esteves;NULL;1
190;EM;0;NULL;Robert;J;Rounthwaite;NULL;0
191;EM;0;NULL;Lionel;C;Penuchot;NULL;1
192;EM;0;NULL;Brenda;M;Diaz;NULL;1
193;EM;0;NULL;Alejandro;E;McGuel;NULL;0
194;EM;0;NULL;Fred;T;Northup;NULL;0
195;EM;0;NULL;Kevin;H;Liu;NULL;2
196;EM;0;NULL;Shammi;G;Mohamed;NULL;0
197;EM;0;NULL;Rajesh;M;Patel;NULL;1
198;EM;0;NULL;Lorraine;O;Nay;NULL;1
199;EM;0;NULL;Paula;R;Nartker;NULL;1
200;EM;0;NULL;Frank;T;Lee;NULL;0
201;EM;0;NULL;Brian;T;Lloyd;NULL;0
202;EM;0;NULL;Tawana;G;Nusbaum;NULL;0
203;EM;0;NULL;Ken;L;Myer;NULL;1
204;EM;0;NULL;Gabe;B;Mares;NULL;0
205;EM;0;NULL;Lori;A;Kane;NULL;0
206;EM;0;NULL;Stuart;V;Munson;NULL;2
207;EM;0;NULL;Greg;F;Alderson;NULL;0
208;EM;0;NULL;Scott;R;Gode;NULL;0
209;EM;0;NULL;Kathie;E;Flood;NULL;0
210;EM;0;NULL;Belinda;M;Newman;NULL;2
211;EM;0;NULL;Hazem;E;Abolrous;NULL;0
212;EM;0;NULL;Peng;J;Wu;NULL;2
213;EM;0;NULL;Sootha;T;Charncherngkha;NULL;0
214;EM;0;NULL;Andreas;T;Berglund;NULL;0
215;EM;0;NULL;Mark;L;Harrington;NULL;0
216;EM;0;NULL;Sean;P;Alexander;NULL;2
217;EM;0;NULL;Zainal;T;Arifin;NULL;1
218;EM;0;NULL;Tengiz;N;Kharatishvili;NULL;1
219;EM;0;NULL;Sean;N;Chai;NULL;0
220;EM;0;NULL;Karen;R;Berge;NULL;0
221;EM;0;NULL;Chris;K;Norred;NULL;0
222;EM;0;NULL;A. Scott;NULL;Wright;NULL;0
223;EM;0;NULL;Sairaj;L;Uddin;NULL;0
224;EM;0;NULL;William;S;Vong;NULL;2
225;EM;0;NULL;Alan;J;Brewer;NULL;0
226;EM;0;NULL;Brian;P;LaMee;NULL;0
227;EM;0;NULL;Gary;E.;Altman;III;0
228;EM;0;NULL;Christian;E;Kleinerman;NULL;0
229;EM;0;NULL;Lori;K;Penor;NULL;0
230;EM;0;NULL;Stuart;J;Macrae;NULL;0
231;EM;0;NULL;Jo;L;Berry;NULL;0
232;EM;0;NULL;Pat;H;Coleman;NULL;0
233;EM;0;NULL;Magnus;E;Hedlund;NULL;0
234;EM;0;NULL;Laura;F;Norman;NULL;1
235;EM;0;NULL;Paula;M;Barreto de Mattos;NULL;2
236;EM;0;NULL;Grant;N;Culbertson;NULL;2
237;EM;0;NULL;Hao;O;Chen;NULL;0
238;EM;0;NULL;Vidur;X;Luthra;NULL;0
239;EM;0;NULL;Mindy;C;Martin;NULL;0
240;EM;0;NULL;Willis;T;Johnson;NULL;0
241;EM;0;NULL;David;J;Liu;NULL;0
242;EM;0;NULL;Deborah;E;Poe;NULL;0
243;EM;0;NULL;Candy;L;Spoon;NULL;0
244;EM;0;NULL;Bryan;A;Walton;NULL;0
245;EM;0;NULL;Barbara;C;Moreland;NULL;0
246;EM;0;NULL;Dragan;K;Tomic;NULL;1
247;EM;0;NULL;Janet;L;Sheperdigian;NULL;0
248;EM;0;NULL;Mike;K;Seamans;NULL;2
249;EM;0;NULL;Wendy;Beth;Kahn;NULL;2
250;EM;0;NULL;Sheela;H;Word;NULL;0
251;EM;0;NULL;Mikael;Q;Sandberg;NULL;2
252;EM;0;NULL;Arvind;B;Rao;NULL;0
253;EM;0;NULL;Linda;P;Meisner;NULL;0
254;EM;0;NULL;Fukiko;J;Ogisu;NULL;0
255;EM;0;NULL;Gordon;L;Hee;NULL;0
256;EM;0;NULL;Frank;S;Pellow;NULL;0
257;EM;0;NULL;Eric;S;Kurjan;NULL;2
258;EM;0;NULL;Erin;M;Hagens;NULL;0
259;EM;0;NULL;Ben;T;Miller;NULL;0
260;EM;0;NULL;Annette;L;Hill;NULL;1
261;EM;0;NULL;Reinout;N;Hillmann;NULL;2
262;EM;0;NULL;David;M;Barber;NULL;0
263;EM;0;NULL;Jean;E;Trenary;NULL;2
264;EM;0;NULL;Stephanie;A;Conroy;NULL;2
265;EM;0;NULL;Ashvini;R;Sharma;NULL;1
266;EM;0;NULL;Peter;I;Connelly;NULL;0
267;EM;0;NULL;Karen;A;Berg;NULL;0
268;EM;0;NULL;Ramesh;V;Meyyappan;NULL;1
269;EM;0;NULL;Dan;K;Bacon;Jr.;0
270;EM;0;NULL;François;P;Ajenstat;NULL;0
271;EM;0;NULL;Dan;B;Wilson;NULL;0
272;EM;0;NULL;Janaina;Barreiro Gambaro;Bueno;NULL;0
273;EM;0;Mr.;Brian;S;Welcker;NULL;0
274;SP;0;NULL;Stephen;Y;Jiang;NULL;0
275;SP;0;NULL;Michael;G;Blythe;NULL;1
276;SP;0;NULL;Linda;C;Mitchell;NULL;0
277;SP;0;NULL;Jillian;NULL;Carson;NULL;1
278;SP;0;NULL;Garrett;R;Vargas;NULL;0
279;SP;0;NULL;Tsvi;Michael;Reiter;NULL;1
280;SP;0;NULL;Pamela;O;Ansman-Wolfe;NULL;1
281;SP;0;NULL;Shu;K;Ito;NULL;2
282;SP;0;NULL;José;Edvaldo;Saraiva;NULL;0
283;SP;0;NULL;David;R;Campbell;NULL;0
284;SP;0;Mr.;Tete;A;Mensa-Annan;NULL;1
285;SP;0;Mr.;Syed;E;Abbas;NULL;0
286;SP;0;NULL;Lynn;N;Tsoflias;NULL;2
287;SP;0;NULL;Amy;E;Alberts;NULL;1
288;SP;0;NULL;Rachel;B;Valdez;NULL;0
289;SP;0;NULL;Jae;B;Pak;NULL;0
290;SP;0;NULL;Ranjit;R;Varkey Chudukatil;NULL;0
291;SC;0;Mr.;Gustavo;NULL;Achong;NULL;2
293;SC;0;Ms.;Catherine;R.;Abel;NULL;1
295;SC;0;Ms.;Kim;NULL;Abercrombie;NULL;0
297;SC;0;Sr.;Humberto;NULL;Acevedo;NULL;2
299;SC;0;Sra.;Pilar;NULL;Ackerman;NULL;0
301;SC;0;Ms.;Frances;B.;Adams;NULL;1
303;SC;0;Ms.;Margaret;J.;Smith;NULL;0
305;SC;0;Ms.;Carla;J.;Adams;NULL;0
307;SC;0;Mr.;Jay;NULL;Adams;NULL;1
309;SC;0;Mr.;Ronald;L.;Adina;NULL;0
311;SC;0;Mr.;Samuel;N.;Agcaoili;NULL;0
313;SC;0;Mr.;James;T.;Aguilar;Jr.;1
315;SC;0;Mr.;Robert;E.;Ahlering;NULL;0
317;SC;0;Mr.;François;NULL;Ferrier;NULL;1
319;SC;0;Ms.;Kim;NULL;Akers;NULL;2
321;SC;0;Ms.;Lili;J.;Alameda;NULL;1
323;SC;0;Ms.;Amy;E.;Alberts;NULL;1
325;SC;0;Ms.;Anna;A.;Albright;NULL;1
327;SC;0;Mr.;Milton;J.;Albury;NULL;0
329;SC;0;Mr.;Paul;L.;Alcorn;NULL;1
331;SC;0;Mr.;Gregory;F.;Alderson;NULL;0
333;SC;0;Mr.;J. Phillip;L.;Alexander;NULL;1
335;SC;0;Ms.;Michelle;NULL;Alexander;NULL;2
337;SC;0;Mr.;Sean;P.;Jacobson;NULL;2
339;SC;0;Ms.;Phyllis;A.;Allen;NULL;1
341;SC;0;Mr.;Marvin;N.;Allen;NULL;0
343;SC;0;Mr.;Michael;NULL;Allen;NULL;2
345;SC;0;Mr.;Cecil;J.;Allison;NULL;0
347;SC;0;Mr.;Oscar;L.;Alpuerto;NULL;1
349;SC;0;Ms.;Sandra;J.;Altamirano;NULL;0
351;SC;0;Ms.;Selena;R.;Alvarado;NULL;0
353;SC;0;Mr.;Emilio;R.;Alvaro;NULL;1
355;SC;0;Mr.;Maxwell;J.;Amland;NULL;0
357;SC;0;Ms.;Mae;N.;Anderson;NULL;0
359;SC;0;Ms.;Ramona;J.;Antrim;NULL;0
361;SC;0;Ms.;Sabria;B.;Appelbaum;NULL;0
363;SC;0;Ms.;Hannah;R.;Arakawa;NULL;0
365;SC;0;Ms.;Kyley;J.;Arbelaez;NULL;1
367;SC;0;Mr.;Tom;H;Johnston;NULL;1
369;SC;0;Mr.;Thomas;B.;Armstrong;Jr.;0
371;SC;0;Mr.;John;NULL;Arthur;NULL;0
373;SC;0;Mr.;Chris;NULL;Ashton;NULL;1
375;SC;0;Ms.;Teresa;NULL;Atkinson;NULL;0
377;SC;0;Mr.;John;P.;Ault;NULL;0
379;SC;0;Mr.;Robert;A.;Avalos;NULL;0
381;SC;0;Mr.;Stephen;M.;Ayers;NULL;0
383;SC;0;Mr.;Phillip;M.;Bacalzo;NULL;0
385;SC;0;Mr.;Daniel;NULL;Blanco;NULL;0
387;SC;0;Mr.;Cory;K.;Booth;NULL;1
389;SC;0;Mr.;James;B.;Bailey;Jr.;0
391;SC;0;Mr.;Douglas;A.;Baldwin;Jr.;0
393;SC;0;Ms.;Jennifer;B.;Bales;NULL;1
395;SC;0;Mr.;Alberto;F.;Baltazar;NULL;0
397;SC;0;Mr.;Wayne;N.;Banack;NULL;2
399;SC;0;Mr.;Darrell;M.;Banks;NULL;2
401;SC;0;Ms.;Angela;NULL;Barbariol;NULL;0
403;SC;0;Mr.;David;NULL;Barber;NULL;1
405;SC;0;Mr.;Robert;L.;Barker;NULL;0
407;SC;0;Ms.;Rebecca;R.;Barley;NULL;2
409;SC;0;Ms.;Brenda;L.;Barlow;NULL;1
411;SC;0;Mr.;Josh;NULL;Barnhill;NULL;0
413;SC;0;Mr.;Adam;NULL;Barr;NULL;1
415;SC;0;Ms.;Norma;N.;Barrera;NULL;2
417;SC;0;NULL;Gytis;M;Barzdukas;NULL;0
419;SC;0;Mr.;David;M.;Bartness;NULL;0
421;SC;0;Ms.;Karel;E.;Bates;NULL;1
423;SC;0;Sr.;Ciro;J.;Bauer;NULL;0
425;SC;0;Ms.;Glenna;L.;Beanston;NULL;0
427;SC;0;Mr.;Shaun;NULL;Beasley;NULL;1
429;SC;0;Mr.;John;A.;Beaver;NULL;0
431;SC;0;Mr.;Christopher;R.;Beck;Jr.;0
433;SC;0;Mr.;Bradley;NULL;Beck;NULL;1
435;SC;0;Mr.;Benjamin;J.;Becker;NULL;0
437;SC;0;Ms.;Ann;NULL;Beebe;NULL;0
439;SC;0;Mr.;Shane;J.;Belli;NULL;1
441;SC;0;Mr.;Stanley;A.;Alan;Jr.;0
443;SC;0;Mr.;Mason;NULL;Bendixen;NULL;0
445;SC;0;Mr.;John;M.;Bennetts;NULL;0
447;SC;0;Mr.;Ido;NULL;Ben-Sachar;NULL;0
449;SC;0;Ms.;Edna;J.;Benson;NULL;0
451;SC;0;Mr.;Payton;P.;Benson;NULL;0
453;SC;0;Mr.;Max;NULL;Benson;NULL;0
455;SC;0;Mr.;Scot;A.;Bent;NULL;0
457;SC;0;Mr.;Richard;M.;Bentley;Jr.;0
459;SC;0;Ms.;Marian;M.;Berch;NULL;0
461;SC;0;Ms.;Karen;NULL;Berge;NULL;1
463;SC;0;Mr.;Alexander;J.;Berger;II;1
465;SC;0;Mr.;John;M.;Berger;Jr.;0
467;SC;0;Ms.;Kris;R.;Bergin;NULL;0
469;SC;0;NULL;Andreas;NULL;Berglund;NULL;0
471;SC;0;Mr.;Robert;M.;Bernacchi;NULL;1
473;SC;0;Mr.;Matthias;NULL;Berndt;NULL;1
475;SC;0;NULL;John;NULL;Berry;NULL;0
477;SC;0;Mr.;Steven;B.;Brown;IV;0
479;SC;0;Mr.;Chris;N.;Bidelman;NULL;0
481;SC;0;Ms.;Mary;B.;Billstrom;NULL;1
483;SC;0;Mr.;Jimmy;NULL;Bischoff;NULL;1
485;SC;0;Mr.;Mary;NULL;Bishop;NULL;0
487;SC;0;Ms.;Mae;M.;Black;NULL;2
489;SC;0;Ms.;Jackie;E.;Blackwell;NULL;1
491;SC;0;Mr.;Donald;L.;Blanton;NULL;0
493;SC;0;Ms.;Linda;E.;Burnett;NULL;2
495;SC;0;Mr.;Michael;Greg;Blythe;NULL;0
497;SC;0;Ms.;Gabriel;L.;Bockenkamp;NULL;0
499;SC;0;Mr.;Michael;L.;Bohling;NULL;1
501;SC;0;Ms.;Corinna;NULL;Bolender;NULL;0
503;SC;0;Sr.;Luis;NULL;Bonifaz;NULL;2
505;SC;0;Mr.;Randall;NULL;Boseman;NULL;2
507;SC;0;Ms.;Stephanie;NULL;Bourne;NULL;0
509;SC;0;Mr.;Eli;NULL;Bowen;NULL;1
511;SC;0;Mr.;Lester;J.;Bowman;Sr.;0
513;SC;0;Mr.;David;M.;Bradley;NULL;1
515;SC;0;Mr.;Cornelius;L.;Brandon;NULL;0
517;SC;0;Mr.;Richard;NULL;Bready;NULL;0
519;SC;0;Ms.;Sara;N.;Breer;NULL;0
521;SC;0;Mr.;Ted;NULL;Bremer;NULL;1
523;SC;0;Mr.;Alan;NULL;Brewer;NULL;1
525;SC;0;Mr.;Walter;J.;Brian;IV;1
527;SC;0;Mr.;Christopher;M.;Bright;NULL;0
529;SC;0;Ms.;Carol;J.;Brink;NULL;0
531;SC;0;Mr.;David;J.;Brink;NULL;1
533;SC;0;Mr.;John;R.;Brooks;NULL;0
535;SC;0;Mr.;Willie;P.;Brooks;Jr.;2
537;SC;0;Ms.;Carolee;J.;Brown;NULL;0
539;SC;0;Mr.;Jo;NULL;Brown;NULL;1
541;SC;0;Mr.;Robert;NULL;Brown;NULL;0
543;SC;0;Mr.;Kevin;F.;Browne;NULL;1
545;SC;0;Ms.;Mary;K.;Browning;NULL;1
547;SC;0;Mr.;Dave;P.;Browning;NULL;0
549;SC;0;Ms.;Bridget;E.;Browqett;NULL;1
551;SC;0;Mr.;Eric;J.;Brumfield;NULL;0
553;SC;0;Mr.;Dick;R.;Brummer;Jr.;0
555;SC;0;Mr.;Michael;NULL;Brundage;NULL;0
557;SC;0;Ms.;Shirley;R.;Bruner;NULL;2
559;SC;0;Ms.;June;B.;Brunner;NULL;0
561;SC;0;Mr.;Dirk;J.;Bruno;NULL;0
563;SC;0;Ms.;Nancy;NULL;Buchanan;NULL;0
565;SC;0;Sra.;Janaina Barreiro Gambaro;NULL;Bueno;NULL;1
567;SC;0;Mr.;Edward;T.;Buensalido;NULL;0
569;SC;0;Ms.;Megan;E.;Burke;NULL;2
571;SC;0;Ms.;Ingrid;K.;Burkhardt;NULL;0
573;SC;0;Ms.;Karren;K.;Burkhardt;NULL;0
575;SC;0;Mr.;Ovidiu;NULL;Burlacu;NULL;0
577;SC;0;Ms.;Dana;H.;Burnell;NULL;0
579;SC;0;Mr.;Timothy;B.;Burnett;Jr.;2
581;SC;0;Mr.;Stephen;R.;Burton;NULL;0
583;SC;0;Ms.;Deanna;R.;Buskirk;NULL;1
585;SC;0;Mr.;Jared;L.;Bustamante;NULL;0
587;SC;0;Mr.;Richard;A.;Byham;NULL;2
589;SC;0;Mr.;David;J.;Byrnes;Sr.;1
591;SC;0;Mr.;Ryan;NULL;Calafato;NULL;1
593;SC;0;Ms.;Sylvia;A.;Caldwell;NULL;1
595;SC;0;Ms.;Mari;B.;Caldwell;NULL;2
597;SC;0;Ms.;Barbara;J.;Calone;NULL;0
599;SC;0;Ms.;Lindsey;R.;Camacho;NULL;0
601;SC;0;Sr.;Gustavo;NULL;Camargo;NULL;0
603;SC;0;Ms.;DeeDee;J.;Cameron;NULL;1
605;SC;0;Ms.;Deborah;M.;Lee;NULL;0
607;SC;0;Ms.;Joan;M.;Campbell;NULL;0
609;SC;0;Mr.;David;NULL;Campbell;NULL;2
611;SC;0;Mr.;Henry;L.;Campen;NULL;2
613;SC;0;Mr.;Chris;NULL;Cannon;NULL;0
615;SC;0;Mr.;Joseph;J.;Cantoni;NULL;0
617;SC;0;Ms.;Suzana De Abreu;A.;Canuto;NULL;2
619;SC;0;Mr.;Jun;NULL;Cao;NULL;0
621;SC;0;Mr.;Johnny;A.;Caprio;Jr.;0
623;SC;0;Mr.;Richard;NULL;Carey;NULL;1
625;SC;0;Mr.;Carlton;M.;Carlisle;NULL;0
627;SC;0;Mr.;Ty Loren;NULL;Carlson;NULL;0
629;SC;0;Ms.;Jane;N.;Carmichael;NULL;1
631;SC;0;Ms.;Jovita;A.;Carmody;NULL;0
633;SC;0;Mr.;Steve;J.;Carnes;NULL;2
635;SC;0;Mr.;Fernando;NULL;Caro;NULL;1
637;SC;0;Mr.;Rob;NULL;Caron;NULL;0
639;SC;0;Mr.;Andy;NULL;Carothers;NULL;0
641;SC;0;Ms.;Donna;F.;Carreras;NULL;1
643;SC;0;Ms.;Rosmarie;J.;Carroll;NULL;0
645;SC;0;Mr.;Matthew;NULL;Carroll;NULL;0
647;SC;0;Mr.;Joseph;N.;Castellucio;NULL;2
649;SC;0;Ms.;Pamela;A.;Carlson;NULL;2
651;SC;0;Mr.;Raul;E.;Casts;NULL;0
653;SC;0;Ms.;Elizabeth;E.;Catalano;NULL;0
655;SC;0;Mr.;Matthew;J.;Cavallari;NULL;0
657;SC;0;Ms.;Brigid;F.;Cavendish;NULL;1
659;SC;0;Mr.;Andrew;NULL;Cencini;NULL;0
661;SC;0;Ms.;Stacey;M.;Cereghino;NULL;1
663;SC;0;Mr.;Baris;NULL;Cetinok;NULL;1
665;SC;0;Mr.;Sean;NULL;Chai;NULL;0
667;SC;0;Mr.;Pat;A.;Chambers;NULL;0
669;SC;0;Mr.;Forrest;J.;Chandler;NULL;1
671;SC;0;Mr.;Lee;J.;Chapla;NULL;2
673;SC;0;Mr.;Greg;NULL;Chapman;NULL;0
675;SC;0;Mr.;Neil;NULL;Charney;NULL;2
677;SC;0;Mr.;Hao;NULL;Chen;NULL;1
679;SC;0;Mr.;John;Y.;Chen;NULL;1
681;SC;0;Mr.;Pei;NULL;Chow;NULL;0
683;SC;0;Mr.;Yao-Qiang;NULL;Cheng;NULL;1
685;SC;0;Ms.;Nicky;E.;Chesnut;NULL;2
687;SC;0;Ms.;Susan;B.;Chestnut;NULL;0
689;SC;0;Mr.;Martin;NULL;Chisholm;NULL;0
691;SC;0;Mr.;Mike;M.;Choi;NULL;0
693;SC;0;Ms.;Ruth;A.;Choin;NULL;0
695;SC;0;Mr.;Anthony;NULL;Chor;NULL;1
697;SC;0;Mr.;Charles;M.;Christensen;NULL;2
699;SC;0;Ms.;Jill;J.;Christie;NULL;0
701;SC;0;Ms.;Alice;NULL;Clark;NULL;1
703;SC;0;Ms.;Gina;N.;Clark;NULL;2
705;SC;0;Mr.;James;J.;Clark;NULL;2
707;SC;0;Ms.;Jane;NULL;Clayton;NULL;0
709;SC;0;Ms.;Kristine;J.;Cleary;NULL;2
711;SC;0;Ms.;Teanna;M.;Cobb;NULL;2
713;SC;0;Ms.;Connie;L.;Coffman;NULL;0
715;SC;0;Ms.;Jeanette;R.;Cole;NULL;2
717;SC;0;Mr.;Eric;E.;Coleman;NULL;0
719;SC;0;Mr.;Pat;NULL;Coleman;NULL;0
721;SC;0;Mr.;Takiko;J.;Collins;NULL;0
723;SC;0;Mr.;John;L.;Colon;NULL;0
725;SC;0;Mr.;Scott;A.;Colvin;NULL;2
727;SC;0;Mr.;Aaron;NULL;Con;NULL;0
729;SC;0;Mr.;Peter;NULL;Connelly;NULL;0
731;SC;0;Mr.;William;J.;Conner;NULL;0
733;SC;0;Ms.;Stephanie;NULL;Conroy;NULL;0
735;SC;0;Ms.;Amy;R.;Consentino;NULL;0
737;SC;0;Ms.;Dorothy;J.;Contreras;NULL;0
739;SC;0;Mr.;Patrick;M.;Cook;NULL;0
741;SC;0;Mr.;Scott;NULL;Cooper;NULL;0
743;SC;0;Ms.;Eva;NULL;Corets;NULL;1
745;SC;0;Mr.;Marlin;M.;Coriell;NULL;0
747;SC;0;Mr.;Ryan;NULL;Cornelsen;NULL;2
749;SC;0;Mr.;Bruno;NULL;Costa Da Silva;NULL;1
751;SC;0;Ms.;Pamela;R.;Cox;NULL;1
753;SC;0;Mr.;Jack;NULL;Creasey;NULL;2
755;SC;0;Ms.;Sharon;A.;Crow;NULL;2
757;SC;0;Ms.;Shelley;R.;Crow;NULL;0
759;SC;0;Mr.;Grant;NULL;Culbertson;NULL;0
761;SC;0;Mr.;Scott;NULL;Culp;NULL;0
763;SC;0;Mr.;Conor;NULL;Cunningham;NULL;0
765;SC;0;Mr.;Jose;M.;Curry;NULL;0
767;SC;0;Mr.;Thierry;NULL;D'Hers;NULL;0
769;SC;0;Mr.;Ryan;NULL;Danner;NULL;2
771;SC;0;Mr.;Mike;NULL;Danseglio;NULL;0
773;SC;0;Ms.;Megan;N.;Davis;NULL;0
775;SC;0;Sr.;Alvaro;NULL;De Matos Miranda Filho;NULL;1
777;SC;0;Mr.;Jose;NULL;De Oliveira;NULL;2
779;SC;0;Mr.;Jacob;N.;Dean;NULL;1
781;SC;0;Mr.;Alexander;J.;Deborde;NULL;0
783;SC;0;Ms.;Barbara;S.;Decker;NULL;0
785;SC;0;Mr.;Kirk;NULL;DeGrasse;NULL;0
787;SC;0;Ms.;Aidan;NULL;Delaney;NULL;0
789;SC;0;Mr.;Stefan;NULL;Delmarco;NULL;2
791;SC;0;Mr.;Shawn;R.;Demicell;NULL;2
793;SC;0;Ms.;Della;F.;Demott Jr;NULL;0
795;SC;0;Mr.;Bruno;NULL;Deniut;NULL;2
797;SC;0;Ms.;Helen;J.;Dennis;NULL;2
799;SC;0;Mr.;Prashanth;NULL;Desai;NULL;2
801;SC;0;Ms.;Bev;L.;Desalvo;NULL;1
803;SC;0;Ms.;Brenda;NULL;Diaz;NULL;0
805;SC;0;Ms.;Gabriele;NULL;Dickmann;NULL;0
807;SC;0;Ms.;Holly;NULL;Dickson;NULL;0
809;SC;0;Mr.;Dick;NULL;Dievendorff;NULL;2
811;SC;0;Mr.;Rudolph;J.;Dillon;Sr.;0
813;SC;0;Mr.;Andrew;NULL;Dixon;NULL;0
815;SC;0;Mr.;Blaine;NULL;Dockter;NULL;1
817;SC;0;Ms.;Cindy;M.;Dodd;NULL;2
819;SC;0;Mr.;John;T.;Donovan;Jr.;1
821;SC;0;Ms.;Patricia;NULL;Doyle;NULL;0
823;SC;0;Mr.;Gerald;M.;Drury;NULL;0
825;SC;0;Mr.;Gary;T.;Drury;NULL;1
827;SC;0;Mr.;Reuben;NULL;D'sa;NULL;0
829;SC;0;Mr.;Ed;NULL;Dudenhoefer;NULL;0
831;SC;0;Mr.;Bernard;NULL;Duerr;NULL;0
833;SC;0;Ms.;Tish;R.;Duff;NULL;2
835;SC;0;Sr.;Adrian;NULL;Dumitrascu;NULL;0
837;SC;0;Mr.;Bart;NULL;Duncan;NULL;1
839;SC;0;Mr.;Maciej;NULL;Dusza;NULL;1
841;SC;0;Ms.;Shelley;NULL;Dyck;NULL;0
843;SC;0;Ms.;Linda;R.;Ecoffey;NULL;2
845;SC;0;Ms.;Carla;L.;Eldridge;NULL;0
847;SC;0;Ms.;Carol;B.;Elliott;NULL;2
849;SC;0;Ms.;Shannon;P.;Elliott;NULL;0
851;SC;0;Ms.;Jauna;E.;Elson;NULL;1
853;SC;0;Mr.;Michael;NULL;Emanuel;NULL;0
855;SC;0;Mr.;Terry;NULL;Eminhizer;NULL;0
857;SC;0;Mr.;John;NULL;Emory;NULL;1
859;SC;0;Ms.;Gail;NULL;Erickson;NULL;1
861;SC;0;Mr.;Mark;B;Erickson;NULL;2
863;SC;0;Ms.;Martha;R.;Espinoza;NULL;1
865;SC;0;Ms.;Julie;P.;Estes;NULL;2
867;SC;0;Sra.;Janeth;NULL;Esteves;NULL;1
869;SC;0;Ms.;Twanna;R.;Evans;NULL;2
871;SC;0;Ms.;Ann;R.;Evans;NULL;1
873;SC;0;Mr.;John;NULL;Evans;NULL;0
875;SC;0;Mr.;Marc;NULL;Faeber;NULL;0
877;SC;0;Mr.;Fadi;NULL;Fakhouri;NULL;0
879;SC;0;Ms.;Carolyn;NULL;Farino;NULL;2
881;SC;0;Ms.;Geri;P.;Farrell;NULL;1
883;SC;0;Ms.;Hanying;NULL;Feng;NULL;0
885;SC;0;Ms.;Rhoda;J.;Finley;NULL;0
887;SC;0;Mr.;Duane;R.;Fitzgerald;Jr.;1
889;SC;0;Mr.;James;NULL;Fine;NULL;0
891;SC;0;Ms.;Kathie;NULL;Flood;NULL;0
893;SC;0;Mr.;Jay;NULL;Fluegel;NULL;0
895;SC;0;Ms.;Kelly;NULL;Focht;NULL;1
897;SC;0;Mr.;Jeffrey;L.;Ford;NULL;0
899;SC;0;Mr.;Garth;NULL;Fort;NULL;0
901;SC;0;Ms.;Dorothy;J.;Fox;NULL;2
903;SC;0;Ms.;Judith;B.;Frazier;NULL;0
905;SC;0;Mr.;John;NULL;Fredericksen;NULL;0
907;SC;0;Ms.;Susan;E.;French;NULL;0
909;SC;0;Mr.;Liam;J.;Friedland;NULL;0
911;SC;0;Mr.;Mihail;NULL;Frintu;NULL;0
913;SC;0;Mr.;John;NULL;Ford;NULL;2
915;SC;0;Mr.;Paul;J.;Fulton;NULL;2
917;SC;0;Mr.;Don;NULL;Funk;NULL;2
919;SC;0;Mr.;Bob;NULL;Gage;NULL;1
921;SC;0;Ms.;Aldeen;J.;Gallagher;NULL;2
923;SC;0;Mr.;Michael;NULL;Galos;NULL;0
925;SC;0;Mr.;Jon;NULL;Ganio;NULL;1
927;SC;0;Ms.;Kathleen;M.;Garza;NULL;2
929;SC;0;Mr.;Dominic;P.;Gash;NULL;0
931;SC;0;Ms.;Janet;M.;Gates;NULL;0
933;SC;0;Mr.;Orlando;N.;Gee;NULL;0
935;SC;0;Mr.;Darren;NULL;Gehring;NULL;1
937;SC;0;Mr.;Jim;NULL;Geist;NULL;0
939;SC;0;Ms.;Barbara;J.;German;NULL;0
941;SC;0;Mr.;Tom;NULL;Getzinger;NULL;0
943;SC;0;Mr.;Leo;NULL;Giakoumakis;NULL;1
945;SC;0;Mr.;Cornett;L.;Gibbens;NULL;1
947;SC;0;Mr.;Frances;J.;Giglio;NULL;2
949;SC;0;Mr.;Guy;NULL;Gilbert;NULL;0
951;SC;0;Ms.;Janet;J.;Gilliat;NULL;0
953;SC;0;Ms.;Mary;M.;Gimmi;NULL;0
955;SC;0;Mr.;David;L.;Givens;NULL;0
957;SC;0;Ms.;Jeanie;R.;Glenn;PhD;2
959;SC;0;Ms.;Diane;R.;Glimp;NULL;0
961;SC;0;Mr.;James;R.;Glynn;NULL;0
963;SC;0;Mr.;Scott;NULL;Gode;NULL;0
965;SC;0;Mr.;Mete;NULL;Goktepe;NULL;2
967;SC;0;Mr.;Jossef;NULL;Goldberg;NULL;0
969;SC;0;Mr.;Brian;R;Goldstein;NULL;0
971;SC;0;Ms.;Lynn;A.;Gonzales;NULL;0
973;SC;0;Ms.;Linda;L.;Gonzales;NULL;0
975;SC;0;Ms.;Abigail;J.;Gonzalez;NULL;0
977;SC;0;Mr.;Michael;NULL;Graff;NULL;2
979;SC;0;Mr.;Derek;NULL;Graham;NULL;0
981;SC;0;Mr.;Lowell;J.;Graham;NULL;1
983;SC;0;Mr.;Jon;NULL;Grande;NULL;1
985;SC;0;Ms.;Jane;P.;Greer;NULL;1
987;SC;0;Mr.;Geoff;NULL;Grisso;NULL;1
989;SC;0;Mr.;Douglas;NULL;Groncki;NULL;1
991;SC;0;Mr.;Brian;NULL;Groth;NULL;1
993;SC;0;Ms.;Faith;M.;Gustafson;NULL;1
995;SC;0;Mr.;Greg;NULL;Harrison;NULL;0
997;SC;0;Ms.;Hattie;J.;Haemon;NULL;0
999;SC;0;Mr.;Matthew;M.;Hagemann;NULL;0
1001;SC;0;Ms.;Erin;M.;Hagens;NULL;0
1003;SC;0;Ms.;Betty;M.;Haines;NULL;2
1005;SC;0;Ms.;Karen;E.;Hall;NULL;0
1007;SC;0;Mr.;Don;NULL;Hall;NULL;1
1009;SC;0;Mr.;Bryan;NULL;Hamilton;NULL;0
1011;SC;0;Mr.;James;R.;Hamilton;NULL;0
1013;SC;0;Mr.;Kerim;NULL;Hanif;NULL;0
1015;SC;0;Ms.;Jean;P.;Handley;NULL;2
1017;SC;0;Mr.;Mark;NULL;Hanson;NULL;0
1019;SC;0;Mr.;William;J.;Hapke;NULL;2
1021;SC;0;Ms.;Katherine;NULL;Harding;NULL;2
1023;SC;0;Ms.;Kimberly;Beth;Harrington;NULL;1
1025;SC;0;Mr.;Lucy;NULL;Harrington;NULL;0
1027;SC;0;Mr.;Keith;NULL;Harris;NULL;2
1029;SC;0;Ms.;Doris;NULL;Hartwig;NULL;0
1031;SC;0;Mr.;Roger;NULL;Harui;NULL;2
1033;SC;0;Ms.;Ann;T.;Hass;NULL;2
1035;SC;0;Mr.;Mark;NULL;Hassall;NULL;1
1037;SC;0;Mr.;Neal;B.;Hasty;III;1
1039;SC;0;Mr.;James;B.;Haugh;Jr.;1
1041;SC;0;Mr.;Jeff;NULL;Hay;NULL;1
1043;SC;0;Ms.;Brenda;F.;Heaney;NULL;0
1045;SC;0;NULL;James;NULL;Hendergart;NULL;0
1047;SC;0;Mr.;John;NULL;Hanson;NULL;1
1049;SC;0;Ms.;Valerie;M.;Hendricks;NULL;1
1051;SC;0;Mr.;Jay;NULL;Henningsen;NULL;0
1053;SC;0;Mr.;Jeff;D.;Henshaw;NULL;0
1055;SC;0;Mr.;Kari;NULL;Hensien;NULL;1
1057;SC;0;Ms.;Deena;J.;Herman;NULL;2
1059;SC;0;Ms.;Irene;J.;Hernandez;NULL;0
1061;SC;0;Mr.;Jésus;NULL;Hernandez;NULL;0
1063;SC;0;Ms.;Pam;L.;Herrick;NULL;0
1065;SC;0;Ms.;Cheryl;M.;Herring;NULL;0
1067;SC;0;Mr.;Ronald;K.;Heymsfield;NULL;0
1069;SC;0;Mr.;Sidney;NULL;Higa;NULL;2
1071;SC;0;Ms.;Onetha;F.;Higgs;NULL;1
1073;SC;0;Ms.;Fran;P.;Highfill;NULL;0
1075;SC;0;Ms.;Geneva;T.;Hill;NULL;2
1077;SC;0;Mr.;Andrew;R.;Hill;NULL;0
1079;SC;0;Mr.;Reinout;NULL;Hillmann;NULL;0
1081;SC;0;Mr.;Mike;NULL;Hines;NULL;1
1083;SC;0;Mr.;Matthew;NULL;Hink;NULL;2
1085;SC;0;Ms.;Nancy;E.;Hirota;NULL;0
1087;SC;0;Ms.;Rose;NULL;Hirsch;NULL;1
1089;SC;0;Mr.;Douglas;NULL;Hite;NULL;0
1091;SC;0;Mr.;David;NULL;Hodgson;NULL;2
1093;SC;0;Ms.;Helge;NULL;Hoeing;NULL;1
1095;SC;0;Ms.;Barbara;NULL;Hoffman;NULL;0
1097;SC;0;Ms.;Holly;J.;Holt;NULL;0
1099;SC;0;Mr.;Bob;NULL;Hodges;NULL;1
1101;SC;0;Ms.;Jean;J.;Holloway;NULL;1
1103;SC;0;Mr.;Michael;NULL;Holm;NULL;2
1105;SC;0;Mr.;Eddie;M.;Holmes;NULL;0
1107;SC;0;Ms.;Juanita;J.;Holman;NULL;2
1109;SC;0;Mr.;Peter;NULL;Houston;NULL;2
1111;SC;0;Mr.;Curtis;P.;Howard;NULL;0
1113;SC;0;Mr.;Joe;NULL;Howard;NULL;2
1115;SC;0;Ms.;Janice;K.;Hows;NULL;2
1117;SC;0;Mr.;George;M.;Huckaby;NULL;0
1119;SC;0;Mr.;Joshua;J.;Huff;NULL;1
1121;SC;0;Ms.;Arlene;NULL;Huff;NULL;1
1123;SC;0;Mr.;Matthew;M.;Hunter;NULL;1
1125;SC;0;Ms.;Phyllis;R.;Huntsman;NULL;2
1127;SC;0;Mr.;Lawrence;E.;Hurkett;NULL;1
1129;SC;0;Mr.;Ryan;NULL;Ihrig;NULL;2
1131;SC;0;Ms.;Beth;NULL;Inghram;NULL;1
1133;SC;0;Mr.;Lucio;NULL;Iallo;NULL;2
1135;SC;0;Mr.;Richard;L.;Irwin;NULL;0
1137;SC;0;Mr.;Erik;NULL;Ismert;NULL;2
1139;SC;0;Ms.;Denean;J.;Ison;NULL;1
1141;SC;0;Mr.;Raman;NULL;Iyer;NULL;0
1143;SC;0;Mr.;Bronson;R.;Jacobs;NULL;2
1145;SC;0;Mr.;Eric;A.;Jacobsen;NULL;0
1147;SC;0;Ms.;Jodan;M.;Jacobson;NULL;0
1149;SC;0;Ms.;Mary;NULL;Alexander;NULL;0
1151;SC;0;Mr.;David;NULL;Jaffe;NULL;0
1153;SC;0;Mr.;Jay;NULL;Jamison;NULL;1
1155;SC;0;Ms.;Vance;P.;Johns;NULL;0
1157;SC;0;Ms.;Joyce;NULL;Jarvis;NULL;0
1159;SC;0;Mr.;George;NULL;Jiang;NULL;0
1161;SC;0;Mr.;Stephen;Yuan;Jiang;NULL;0
1163;SC;0;Mr.;Samuel;A.;Johnson;NULL;0
1165;SC;0;Ms.;Danielle;B.;Johnson;NULL;1
1167;SC;0;Mr.;Greg;M.;Johnson;NULL;1
1169;SC;0;Mr.;Barry;NULL;Johnson;NULL;1
1171;SC;0;Mr.;Brian;NULL;Johnson;NULL;2
1173;SC;0;Mr.;David;NULL;Johnson;NULL;2
1175;SC;0;Mr.;Willis;NULL;Johnson;NULL;1
1177;SC;0;Ms.;Tamara;NULL;Johnston;NULL;0
1179;SC;0;Mr.;Robert;E.;Jones;NULL;1
1181;SC;0;Mr.;Brannon;NULL;Jones;NULL;2
1183;SC;0;Ms.;Jean;NULL;Jordan;NULL;1
1185;SC;0;Ms.;Peggy;J.;Justice;NULL;0
1187;SC;0;Ms.;Diane;F.;Krane;NULL;0
1189;SC;0;Mr.;Scott;B.;Kaffer;NULL;2
1191;SC;0;Ms.;Sandra;T.;Kitt;NULL;0
1193;SC;0;Ms.;Wendy;NULL;Kahn;NULL;2
1195;SC;0;Mr.;Sandeep;NULL;Kaliyath;NULL;0
1197;SC;0;Mr.;John;NULL;Kane;NULL;1
1199;SC;0;Ms.;Lori;NULL;Kane;NULL;0
1201;SC;0;Ms.;Judith;F.;Krane;NULL;2
1203;SC;0;Ms.;Kay;E.;Krane;NULL;0
1205;SC;0;Mr.;Sandeep;NULL;Katyal;NULL;2
1207;SC;0;Ms.;Bonnie;NULL;Kearney;NULL;0
1209;SC;0;Mr.;Kendall;NULL;Keil;NULL;0
1211;SC;0;Mr.;Victor;A.;Kelley;NULL;2
1213;SC;0;Mr.;John;NULL;Kelly;NULL;1
1215;SC;0;Mr.;Robert;NULL;Kelly;NULL;1
1217;SC;0;Mr.;Kevin;NULL;Kennedy;NULL;1
1219;SC;0;Ms.;Mary;R.;Kesslep;NULL;0
1221;SC;0;Ms.;Alice;L.;Kesterson;NULL;0
1223;SC;0;Ms.;Elizabeth;NULL;Keyser;NULL;0
1225;SC;0;Ms.;Tammy;J.;Khan;NULL;0
1227;SC;0;Mr.;Imtiaz;NULL;Khan;NULL;0
1229;SC;0;Ms.;Karan;NULL;Khanna;NULL;0
1231;SC;0;Mr.;Joe;NULL;Kim;NULL;2
1233;SC;0;Mr.;Jim;NULL;Kim;NULL;0
1235;SC;0;Mr.;Shane;S.;Kim;NULL;0
1237;SC;0;Mr.;Tim;NULL;Kim;NULL;0
1239;SC;0;Mr.;Russell;NULL;King;NULL;0
1241;SC;0;Mr.;Anton;NULL;Kirilov;NULL;1
1243;SC;0;Mr.;Christian;NULL;Kleinerman;NULL;0
1245;SC;0;Mr.;Andrew;P.;Kobylinski;NULL;0
1247;SC;0;Mr.;Reed;NULL;Koch;NULL;1
1249;SC;0;Mr.;Jim;NULL;Kennedy;NULL;2
1251;SC;0;Mr.;Kirk;T;King;NULL;2
1253;SC;0;Mr.;Eugene;NULL;Kogan;NULL;0
1255;SC;0;Mr.;Scott;NULL;Konersmann;NULL;2
1257;SC;0;Ms.;Joy;R.;Koski;NULL;0
1259;SC;0;Ms.;Pamala;M.;Kotc;NULL;2
1261;SC;0;Mr.;Edward;J.;Kozlowski;Jr.;0
1263;SC;0;Mr.;James;D.;Kramer;NULL;0
1265;SC;0;Mr.;Mitch;NULL;Kennedy;NULL;1
1267;SC;0;Mr.;James;J.;Krow;NULL;0
1269;SC;0;Ms.;Margaret;T.;Krupka;NULL;0
1271;SC;0;Mr.;Deepak;NULL;Kumar;NULL;0
1273;SC;0;Mr.;Jeffrey;B.;Kung;Jr.;0
1275;SC;0;Mr.;Vamsi;NULL;Kuppa;NULL;0
1277;SC;0;Mr.;Jeffrey;NULL;Kurtz;NULL;2
1279;SC;0;Mr.;Peter;NULL;Kurniawan;NULL;0
1281;SC;0;Mr.;Eric;NULL;Lang;NULL;0
1283;SC;0;Ms.;Rebecca;NULL;Laszlo;NULL;0
1285;SC;0;Ms.;Cecilia;M.;Laursen;NULL;0
1287;SC;0;Mr.;David;O;Lawrence;NULL;0
1289;SC;0;Ms.;Elsa;NULL;Leavitt;NULL;0
1291;SC;0;Mr.;Michael;J.;Lee;NULL;1
1293;SC;0;Ms.;Marjorie;M.;Lee;NULL;0
1295;SC;0;Mr.;Frank;NULL;Campbell;NULL;1
1297;SC;0;Mr.;Mark;NULL;Lee;NULL;0
1299;SC;0;Mr.;Robertson;NULL;Lee;NULL;2
1301;SC;0;Ms.;Jolie;NULL;Lenehan;NULL;0
1303;SC;0;Mr.;Roger;NULL;Lengel;NULL;2
1305;SC;0;NULL;A.;Francesca;Leonetti;NULL;2
1307;SC;0;Ms.;Bonnie;B.;Lepro;NULL;0
1309;SC;0;Ms.;Gloria;J.;Lesko;NULL;0
1311;SC;0;Ms.;Linda;NULL;Leste;NULL;1
1313;SC;0;Mr.;Steven;B.;Levy;NULL;0
1315;SC;0;Ms.;Judy;NULL;Lew;NULL;1
1317;SC;0;Ms.;Elsie;L.;Lewin;NULL;0
1319;SC;0;Mr.;George;Z.;Li;NULL;0
1321;SC;0;Mr.;Yale;NULL;Li;NULL;1
1323;SC;0;Ms.;Yan;NULL;Li;NULL;0
1325;SC;0;Ms.;Yuhong;NULL;Li;NULL;0
1327;SC;0;Mr.;Joseph;M.;Lique;NULL;0
1329;SC;0;Mr.;Paulo;H.;Lisboa;NULL;0
1331;SC;0;Mr.;David;J.;Liu;NULL;1
1333;SC;0;NULL;Jinghao;NULL;Liu;NULL;2
1335;SC;0;Mr.;Kevin;NULL;Liu;NULL;2
1337;SC;0;Mr.;Run;NULL;Liu;NULL;1
1339;SC;0;Mr.;Todd;R.;Logan;NULL;0
1341;SC;0;Mr.;Kok-Ho;NULL;Loh;NULL;1
1343;SC;0;Mr.;John;K.;Long;NULL;0
1345;SC;0;Ms.;Sharon;J.;Looney;NULL;0
1347;SC;0;Mr.;Jeremy;NULL;Los;NULL;2
1349;SC;0;Mr.;Spencer;NULL;Low;NULL;0
1351;SC;0;Ms.;Anita;R.;Lucerne;NULL;1
1353;SC;0;Mr.;Jose;NULL;Lugo;NULL;1
1355;SC;0;Mr.;Richard;NULL;Lum;NULL;0
1357;SC;0;Ms.;Judy;R.;Lundahl;NULL;0
1359;SC;0;Mr.;Sean;J.;Lunt;NULL;0
1361;SC;0;Ms.;Helen;R.;Lutes;NULL;2
1363;SC;0;Mr.;Robert;P.;Lyeba;NULL;0
1365;SC;0;Ms.;Sharon;F.;Lynn;NULL;0
1367;SC;0;Mr.;Robert;NULL;Lyon;NULL;1
1369;SC;0;Ms.;Jenny;NULL;Lysaker;NULL;0
1371;SC;0;Ms.;Denise;R.;Maccietto;NULL;0
1373;SC;0;Mr.;Scott;NULL;MacDonald;NULL;0
1375;SC;0;Mr.;Walter;J.;Mays;Sr.;1
1377;SC;0;Mr.;Patrick;J.;Magenheimer;NULL;2
1379;SC;0;Ms.;Kimberly;N.;Malmendier;NULL;0
1381;SC;0;Mr.;Ajay;NULL;Manchepalli;NULL;0
1383;SC;0;Ms.;Parul;NULL;Manek;NULL;0
1385;SC;0;Mr.;Tomas;M.;Manzanares;II;1
1387;SC;0;Ms.;Kathy;R.;Marcovecchio;NULL;0
1389;SC;0;Ms.;Jill;K.;Markwood;NULL;2
1391;SC;0;Ms.;Melissa;R.;Marple;NULL;2
1393;SC;0;Ms.;Cecelia;L.;Marshall;NULL;1
1395;SC;0;Mr.;Benjamin;NULL;Martin;NULL;2
1397;SC;0;Ms.;Linda;NULL;Martin;NULL;0
1399;SC;0;Ms.;Mindy;NULL;Martin;NULL;1
1401;SC;0;Ms.;Sandra;I.;Martinez;NULL;0
1403;SC;0;Mr.;Frank;NULL;Mart¡nez;NULL;1
1405;SC;0;Mr.;Steve;NULL;Masters;NULL;0
1407;SC;0;Mr.;Joseph;NULL;Matthews;NULL;0
1409;SC;0;Ms.;Jennifer;J.;Maxham;NULL;0
1411;SC;0;Mr.;Chris;NULL;Maxwell;NULL;0
1413;SC;0;Ms.;Sandra;B.;Maynard;NULL;1
1415;SC;0;Mr.;John;J.;McClane;NULL;0
1417;SC;0;Ms.;Robin;M.;McGuigan;NULL;1
1419;SC;0;Ms.;Stacie;K.;Mcanich;NULL;0
1421;SC;0;Ms.;Katie;NULL;McAskill-White;NULL;2
1423;SC;0;Ms.;Lola;M.;McCarthy;NULL;0
1425;SC;0;Ms.;Jane;A.;McCarty;NULL;2
1427;SC;0;Ms.;Nikki;NULL;McCormick;NULL;1
1429;SC;0;Mr.;James;L.;McCoy;II;0
1431;SC;0;Ms.;Christinia;A.;McDonald;NULL;1
1433;SC;0;Mr.;Alejandro;NULL;McGuel;NULL;0
1435;SC;0;Ms.;Yvonne;NULL;McKay;NULL;0
1437;SC;0;Ms.;Nkenge;NULL;McLin;NULL;1
1439;SC;0;Ms.;Nancy;A.;McPhearson;NULL;2
1441;SC;0;Ms.;Nellie;T.;Medina;NULL;0
1443;SC;0;Ms.;Raquel;NULL;Mello;NULL;1
1445;SC;0;Ms.;Gladys;F.;Mendiola;NULL;0
1447;SC;0;Mr.;R. Morgan;L.;Mendoza;NULL;0
1449;SC;0;Mr.;Tosh;NULL;Meston;NULL;0
1451;SC;0;Ms.;Susan;NULL;Metters;NULL;0
1453;SC;0;Mr.;Stephen;A.;Mew;NULL;0
1455;SC;0;Mr.;Eric;B.;Meyer;Jr.;0
1457;SC;0;Ms.;Helen;M.;Meyer;NULL;0
1459;SC;0;Ms.;Deanna;NULL;Meyer;NULL;0
1461;SC;0;Mr.;Gary;P.;Meyerhoff;NULL;0
1463;SC;0;Mr.;Ramesh;NULL;Meyyappan;NULL;0
1465;SC;0;Mr.;Thomas;R.;Michaels;NULL;2
1467;SC;0;Mr.;Jan;NULL;Miksovsky;NULL;1
1469;SC;0;Ms.;Virginia;L.;Miller;NULL;1
1471;SC;0;Mr.;Matthew;J.;Miller;NULL;0
1473;SC;0;Mr.;Emilo;R.;Miller;Jr.;0
1475;SC;0;Mr.;Ben;NULL;Miller;NULL;1
1477;SC;0;Mr.;Dylan;NULL;Miller;NULL;1
1479;SC;0;Mr.;Frank;NULL;Miller;NULL;0
1481;SC;0;Ms.;Neva;M.;Mitchell;NULL;0
1483;SC;0;Ms.;Linda;NULL;Mitchell;NULL;0
1485;SC;0;Mr.;Scott;NULL;Mitchell;NULL;1
1487;SC;0;Mr.;Robert;NULL;Mitosinka;NULL;2
1489;SC;0;Mr.;Joseph;P.;Mitzner;Jr.;2
1491;VC;0;Ms.;Paula;B.;Moberly;NULL;2
1493;VC;0;Ms.;Suchitra;NULL;Mohan;NULL;0
1495;VC;0;Mr.;Jonathan;NULL;Moeller;NULL;0
1497;VC;0;Mr.;William;J.;Monroe;NULL;1
1499;VC;0;Ms.;Alan;L.;Monitor;NULL;0
1501;VC;0;Ms.;Hillaine;N.;Montera;NULL;0
1503;VC;0;Mr.;Bobby;NULL;Moore;NULL;0
1505;VC;0;Ms.;Barbara;NULL;Moreland;NULL;0
1507;VC;0;Mr.;Jon;NULL;Morris;NULL;1
1509;VC;0;Ms.;Julia;NULL;Moseley;NULL;0
1511;VC;0;Ms.;Marie;E.;Moya;NULL;0
1513;VC;0;Mr.;Zheng;NULL;Mu;NULL;0
1515;VC;0;Mr.;Salman;NULL;Mughal;NULL;1
1517;VC;0;Mr.;Albert;NULL;Mungin;NULL;1
1519;VC;0;Mr.;Stuart;NULL;Munson;NULL;1
1521;VC;0;Ms.;Billie Jo;NULL;Murray;NULL;0
1523;VC;0;Ms.;Dorothy;J.;Myer;NULL;0
1525;VC;0;Mr.;Ken;NULL;Myer;NULL;0
1527;VC;0;Ms.;Suzanne;NULL;Nelson;NULL;1
1529;VC;0;NULL;Mandar;NULL;Naik;NULL;0
1531;VC;0;Mr.;Greg;F.;Mohamed;NULL;0
1533;VC;0;Mr.;Mike;NULL;Nash;NULL;0
1535;VC;0;Ms.;Lorraine;NULL;Nay;NULL;0
1537;VC;0;Mr.;Alex;NULL;Nayberg;NULL;0
1539;VC;0;Ms.;Jan;R.;Nelsen;NULL;1
1541;VC;0;Mr.;Amir;T.;Netz;NULL;0
1543;VC;0;Mr.;Donals;E.;Nilson;NULL;2
1545;VC;0;Mr.;Toby;NULL;Nixon;NULL;0
1547;VC;0;Ms.;Laura;NULL;Norman;NULL;0
1549;VC;0;Mr.;Fred;NULL;Northup;NULL;0
1551;VC;0;Mr.;Michael;J;O'Connell;NULL;0
1553;VC;0;Mr.;Tim;NULL;O'Brien;NULL;1
1555;VC;0;NULL;Tina;Slone;O'Dell;NULL;1
1557;VC;0;Mr.;Robert;NULL;O'Hara;NULL;0
1559;VC;0;Mr.;Nino;E.;Olivotto;NULL;2
1561;VC;0;Mr.;Lee;M.;Olguin;NULL;1
1563;VC;0;Mr.;Tad;NULL;Orman;NULL;0
1565;VC;0;Ms.;Gloria;B.;Orona;NULL;1
1567;VC;0;Mr.;Fred;A.;Ortiz;NULL;0
1569;VC;0;Mr.;John;E.;Ortiz;NULL;1
1571;VC;0;Mr.;David;J.;Ortiz;NULL;1
1573;VC;0;Ms.;Michiko;NULL;Osada;NULL;0
1575;VC;0;Mr.;Stu;J.;Osborn;NULL;1
1577;VC;0;Mr.;Scott;NULL;Oveson;NULL;1
1579;VC;0;Ms.;Lori;NULL;Oviatt;NULL;0
1581;VC;0;Ms.;Jyothi;NULL;Pai;NULL;0
1583;VC;0;Mr.;Cristian;B.;Osorio;NULL;1
1585;VC;0;Ms.;Mosha;M.;Park;NULL;2
1587;VC;0;Mr.;Rajesh;M.;Patel;NULL;1
1589;VC;0;Mr.;Shyamalan;NULL;Pather;NULL;1
1591;VC;0;Mr.;Michael;NULL;Patten;NULL;2
1593;VC;0;Ms.;Trish;E.;Pederson;NULL;0
1595;VC;0;Mr.;Frank;NULL;Pellow;NULL;0
1597;VC;0;Mr.;Lionel;NULL;Penuchot;NULL;0
1599;VC;0;Ms.;Elizabeth;M.;Peoples;NULL;0
1601;VC;0;Mr.;John;NULL;Peoples;NULL;1
1603;VC;0;Mr.;Jonathan;NULL;Perera;NULL;1
1605;VC;0;Ms.;Tina;A.;Perko;NULL;2
1607;VC;0;Mr.;James;NULL;Peters;NULL;0
1609;VC;0;Mr.;Glin;J.;Peterson;NULL;1
1611;VC;0;Ms.;Sara;E.;Pettengill;NULL;0
1613;VC;0;Ms.;Carol;NULL;Philips;NULL;0
1615;VC;0;Ms.;Patricia;B.;Porter;NULL;2
1617;VC;0;Mr.;Pat;R.;Pinkston;NULL;0
1619;VC;0;Mr.;Paulo;Sergio Da Silva;Pinto;NULL;0
1621;VC;0;Ms.;Deborah;NULL;Poe;NULL;2
1623;VC;0;Mr.;Grigory;NULL;Pogulsky;NULL;1
1625;VC;0;Ms.;Carole;NULL;Poland;NULL;1
1627;VC;0;Ms.;Cheryl;J.;Pompa;NULL;0
1629;VC;0;NULL;Alma;B.;Poorbaugh;NULL;0
1631;VC;0;Ms.;Ethel;J.;Porter;NULL;2
1633;VC;0;Ms.;Constance;J.;Posner;NULL;2
1635;VC;0;Mr.;Josh;NULL;Pollock;NULL;1
1637;VC;0;Ms.;Betty;J.;Potts;NULL;1
1639;VC;0;Mr.;Fred;NULL;Preston;NULL;0
1641;VC;0;Mr.;Jeff;NULL;Price;NULL;2
1643;VC;0;Mr.;Milton;M.;Pugh;NULL;1
1645;VC;0;Mr.;Sean;NULL;Purcell;NULL;0
1647;VC;0;Ms.;Monica;L.;Quintana;NULL;0
1649;VC;0;Ms.;Mary Lou;M.;Quintana;NULL;0
1651;VC;0;Ms.;Kim;NULL;Ralls;NULL;0
1653;VC;0;Ms.;Susan;J.;Ramos;NULL;1
1655;VC;0;Ms.;Cynthia;NULL;Randall;NULL;2
1657;VC;0;Mr.;Arvind;B.;Rao;NULL;1
1659;VC;0;Mr.;Simon;NULL;Rapier;NULL;0
1661;VC;0;Mr.;Michael;S;Ray;NULL;1
1663;VC;0;Ms.;Suzann;K.;Reams;NULL;2
1665;VC;0;Ms.;Michelle;B.;Rector;NULL;1
1667;VC;0;Ms.;Jamie;NULL;Reding;NULL;0
1669;VC;0;Mr.;Russell;A.;Reed;NULL;2
1671;VC;0;Ms.;Celine;J.;Reed;NULL;2
1673;VC;0;Mr.;Randy;NULL;Reeves;NULL;0
1675;VC;0;Mr.;Enoch;T;Remick;NULL;2
1677;VC;0;Mr.;Eric;E.;Rhodes;NULL;2
1679;VC;0;Mr.;Adam;J.;Reynolds;Jr.;1
1681;VC;0;Ms.;Constance;J.;Remmington;NULL;1
1683;VC;0;Mr.;Albert;A.;Rhodes;NULL;0
1685;VC;0;Mr.;Dave;NULL;Richards;NULL;0
1687;VC;0;Mr.;Jack;S.;Richins;NULL;0
1689;VC;0;Ms.;Marie;M.;Richmeier;NULL;0
1691;VC;0;Mr.;William;J.;Richter;NULL;0
1693;VC;0;Mr.;Thomas;M.;Richards;Jr.;0
1695;VC;0;Ms.;Stacy;K.;Rizzi;NULL;0
1697;VC;0;Ms.;Leota;J.;Roberts;NULL;0
1699;IN;0;Mr.;David;R.;Robinett;NULL;1
1700;IN;0;Ms.;Rebecca;A.;Robinson;NULL;0
1701;IN;0;Ms.;Dorothy;B.;Robinson;NULL;2
1702;IN;0;Ms.;Carol Ann;F.;Rockne;NULL;0
1703;IN;0;Mr.;Scott;M.;Rodgers;NULL;0
1704;IN;0;Mr.;Jim;NULL;Rodman;NULL;0
